"Method","Path","OperationId","Summary","Parameters"
"GET","/device/devices/{deviceId}/devicedatasources","getDeviceDatasourceList","Get device datasource list","deviceId:path:required, fields:query:optional, size:query:optional, offset:query:optional, filter:query:optional"
"GET","/setting/collector/collectors/upgradeHistory","getCollectorUpgradeHistory","get collector upgrade history list",""
"GET","/device/groups/{id}/devices","getImmediateDeviceListByDeviceGroupId","get immediate devices under group","id:path:required, fields:query:optional, size:query:optional, offset:query:optional, filter:query:optional"
"GET","/device/devices/{deviceId}/devicedatasources/{hdsId}/instances/{instanceId}/config","getDeviceConfigSourceConfigList","get detailed config information for the instance","instanceId:path:required, deviceId:path:required, hdsId:path:required, fields:query:optional, size:query:optional, offset:query:optional, filter:query:optional"
"GET","/device/devices","getDeviceList","Get device list","end:query:optional, netflowFilter:query:optional, start:query:optional, includeDeletedResources:query:optional, fields:query:optional, size:query:optional, offset:query:optional, filter:query:optional"
"GET","/alert/alerts/{id}","getAlertById","get alert","id:path:required, needMessage:query:optional, customColumns:query:optional, fields:query:optional"
"GET","/device/devices/{id}/alerts","getAlertListByDeviceId","get alerts","end:query:optional, netflowFilter:query:optional, start:query:optional, id:path:required, needMessage:query:optional, customColumns:query:optional, bound:query:optional, fields:query:optional, size:query:optional, offset:query:optional, filter:query:optional"
"GET","/alert/alerts","getAlertList","Get alert list","fields:query:optional, size:query:optional, offset:query:optional, filter:query:optional"
"GET","/setting/propertyrules/{id}","getPropertyRulesById","Get property rules by id","id:path:required, format:query:optional"
"GET","/setting/action/chains","getActionChainsList","Get action chains list",""
"GET","/setting/accessgroup/{id}","getAccessGroupById","Get access group by id","id:path:required, fields:query:optional"
"GET","/website/websites/{id}/historysdts","getSDTHistoryByWebsiteId","get SDT history for the website (Response may contain extra fields depending upon the type of SDT)","id:path:required, fields:query:optional, size:query:optional, offset:query:optional, filter:query:optional"
"GET","/setting/datasources/{dsId}/ographs","getDataSourceOverviewGraphList","Get datasource overview graph list","dsId:path:required, fields:query:optional, size:query:optional, offset:query:optional, filter:query:optional"
"GET","/logpipelines/processors/{processorId}","getLogAlertsById","Retrieve a LogAlerts by ID","processorId:path:required"
"GET","/device/devices/{deviceId}/devicedatasources/{hdsId}/instances/{instanceId}/config/{id}","getDeviceConfigSourceConfigById","get a config for a device","instanceId:path:required, deviceId:path:required, hdsId:path:required, id:path:required, format:query:optional, startEpoch:query:optional, fields:query:optional"
"GET","/device/groups/{deviceGroupId}/datasources","getDeviceGroupDatasourceList","get device group datasource list","deviceGroupId:path:required, includeDisabledDataSourceWithoutInstance:query:optional, fields:query:optional, size:query:optional, offset:query:optional, filter:query:optional"
"GET","/setting/accesslogs/{id}","getAuditLogById","Get audit log by id","id:path:required"
"GET","/device/devices/{deviceId}/devicedatasources/{deviceDsId}/groups","getDeviceDatasourceInstanceGroupList","Get device datasource instance group list","deviceDsId:path:required, deviceId:path:required, fields:query:optional, size:query:optional, offset:query:optional, filter:query:optional"
"GET","/setting/alert/chains","getEscalationChainList","Get escalation chain list","fields:query:optional, size:query:optional, offset:query:optional, filter:query:optional"
"GET","/setting/functions/{id}","getAppliesToFunctionById","Get applies to function by ID","id:path:required"
"GET","/device/devices/delta","getDeltaIdWithDevices","Get filter matched devices with new deltaId","deltaId:query:optional"
"GET","/aws/externalId","getAwsExternalId","Get AWS external ID",""
"GET","/report/reports","getReportList","Get report list","showNextGenReports:query:optional, fields:query:optional, size:query:optional, offset:query:optional, filter:query:optional"
"GET","/device/devices/{deviceId}/devicedatasources/{hdsId}/instances/{instanceId}/alertsettings","getDeviceDatasourceInstanceAlertSettingListOfDSI","get a list of alert settings for a device datasource instance","deviceId:path:required, hdsId:path:required, instanceId:path:required, size:query:optional, offset:query:optional"
"GET","/device/devices/{deviceId}/devicedatasources/{hdsId}/instances/{id}/graphs/{graphId}/data","getDeviceDatasourceInstanceGraphData","get device instance graph data","deviceId:path:required, hdsId:path:required, id:path:required, start:query:optional, end:query:optional, graphId:path:required, format:query:optional"
"GET","/setting/batchjobs/{id}","getJobMonitorById","Get JobMonitor by ID","id:path:required, format:query:optional"
"GET","/setting/integrations/auditlogs","getIntegrationAuditLogs","Get integration audit logs list","format:query:optional"
"GET","/setting/roles/{id}","getRoleById","Get role by ID","id:path:required, fields:query:optional"
"GET","/setting/netscans","getNetscanList","Get netscan list","fields:query:optional, size:query:optional, offset:query:optional, filter:query:optional"
"GET","/setting/oids/{id}","getOidById","Get OID by ID","id:path:required"
"GET","/cost-optimization/recommendations","getRecommendationsList","Get recommendation list","fields:query:optional, size:query:optional, offset:query:optional, filter:query:optional"
"GET","/setting/diagnosticRemediation/executionResults","getDiagnosticRemediationExecutionResults","Get diagnostic and remediation execution results (canonical)","alertId:query:optional, hostId:query:optional, moduleType:query:optional, diagnosticSourceId:query:optional, diagnosticSourceName:query:optional, remediationSourceId:query:optional, remediationSourceName:query:optional, startTimeMs:query:optional, endTimeMs:query:optional, perPageCount:query:optional, pageOffsetCount:query:optional, cursor:query:optional, remediationCursor:query:optional"
"GET","/device/devices/{deviceId}/devicedatasources/{hdsId}/instances","getDeviceDatasourceInstanceList","get device instance list","deviceId:path:required, hdsId:path:required, fields:query:optional, size:query:optional, offset:query:optional, filter:query:optional"
"GET","/device/devices/{deviceId}/deviceeventsources","getDeviceEventsourceList","Get device eventsource list","deviceId:path:required"
"GET","/website/websites/{id}/properties","getWebsitePropertyListByWebsiteId","get a list of properties for a website","id:path:required, fields:query:optional, size:query:optional, offset:query:optional, filter:query:optional"
"GET","/setting/topologysources/{id}","getTopologySourceById","Get TopologySource by id","id:path:required, format:query:optional"
"GET","/trackedquerygroups","getTrackedQueryGroupList","Get tracked query group list",""
"GET","/apiStats/externalApis","getExternalApiStats","get external api stats info",""
"GET","/dashboard/widgets","getWidgetList","Get widget list","fields:query:optional, size:query:optional, offset:query:optional, filter:query:optional"
"GET","/setting/logicmodules/metadata","getV4Metadata","get metadata",""
"GET","/device/devices/{deviceId}/devicedatasources/{hdsId}/instances/{id}/historysdts","getDeviceDatasourceInstanceSDTHistory","get device instance SDT history","deviceId:path:required, hdsId:path:required, id:path:required, fields:query:optional, size:query:optional, offset:query:optional, filter:query:optional"
"GET","/device/devices/{id}/sdts","getAllSDTListByDeviceId","get SDTs for a device","end:query:optional, netflowFilter:query:optional, start:query:optional, id:path:required, fields:query:optional, size:query:optional, offset:query:optional, filter:query:optional"
"GET","/device/devices/{id}/instances","getDeviceInstanceList","get device instance list","end:query:optional, netflowFilter:query:optional, start:query:optional, id:path:required, fields:query:optional, size:query:optional, offset:query:optional, filter:query:optional"
"GET","/device/unmonitoreddevices","getUnmonitoredDeviceList","Get unmonitored device list","fields:query:optional, size:query:optional, offset:query:optional, filter:query:optional"
"GET","/setting/datasources","getDatasourceList","Get datasource list","format:query:optional, fields:query:optional, size:query:optional, offset:query:optional, filter:query:optional"
"GET","/setting/collector/collectors/{id}/downloadToken","getCollectorDownloadTokenById","get collector download token","id:path:required"
"GET","/setting/functions","getAppliesToFunctionList","Get applies to function list","fields:query:optional, size:query:optional, offset:query:optional, filter:query:optional"
"GET","/setting/diagnosticsources","getDiagnosticSourcesList","Get diagnostics sources list",""
"GET","/device/devices/{deviceId}/devicedatasources/{deviceDsId}/groups/{dsigId}/graphs/{ographId}/data","getDeviceDatasourceInstanceGroupOverviewGraphData","Get device instance group overview graph data","deviceDsId:path:required, deviceId:path:required, dsigId:path:required, start:query:optional, end:query:optional, ographId:path:required, format:query:optional"
"GET","/log/logquerygroups/{id}/logqueries","getLogQueriesByGroupId","Get log queries by group ID","id:path:required"
"GET","/website/websites/{websiteId}/checkpoints/{checkpointId}/graphs/{graphName}/data","getWebsiteGraphData","Get website graph data","checkpointId:path:required, end:query:optional, start:query:optional, websiteId:path:required, graphName:path:required, format:query:optional"
"GET","/device/groups/{id}/historysdts","getSDTHistoryByDeviceGroupId","get SDT history for the group","id:path:required, fields:query:optional, size:query:optional, offset:query:optional, filter:query:optional"
"GET","/dashboard/dashboards","getDashboardList","Get dashboard list","fields:query:optional, size:query:optional, offset:query:optional, filter:query:optional"
"GET","/trackedquerygroups/{id}","getTrackedQueryGroupById","Get tracked query group by ID","id:path:required"
"GET","/setting/alert/chains/{id}","getEscalationChainById","Get escalation chain by ID","id:path:required, fields:query:optional"
"GET","/setting/action/rules/{id}","getActionRuleById","get action rule","id:path:required"
"GET","/setting/action/rules/{id}/status","getActionRuleStatusById","get action rule status","id:path:required"
"GET","/setting/configsources/{id}","getConfigSourceById","Get config source by ID","id:path:required, format:query:optional"
"GET","/device/groups/{deviceGroupId}/datasources/{dsId}/alertsettings","getDeviceGroupDatasourceAlertSetting","Get device group datasource alert setting","deviceGroupId:path:required, dsId:path:required, fields:query:optional"
"GET","/setting/alert/rules/{id}","getAlertRuleById","get alert rule by id","id:path:required, fields:query:optional"
"GET","/setting/datasources/{id}","getDatasourceById","Get datasource by ID","id:path:required, format:query:optional, fields:query:optional"
"GET","/setting/diagnosticsources/{id}","getDiagnosticSourcesById","Get diagnostics sources by ID","id:path:required, format:query:optional"
"GET","/device/devices/{id}/topTalkersGraph","getTopTalkersGraph","get top talkers graph","end:query:optional, netflowFilter:query:optional, start:query:optional, id:path:required, format:query:optional, keyword:query:optional"
"GET","/logpipelines/{pipelineId}","getLogAlertGroupById","Retrieve a LogAlertGroup by ID","pipelineId:path:required"
"GET","/setting/collector/collectors/{collectorId}/installers/{osAndArch}","getCollectorInstaller","get collector installer","collectorId:path:required, osAndArch:path:required, collectorVersion:query:optional, token:query:optional, monitorOthers:query:optional, collectorSize:query:optional, useEA:query:optional, archType:query:optional"
"GET","/setting/recipientgroups","getRecipientGroupList","Get recipient group list","fields:query:optional, size:query:optional, offset:query:optional, filter:query:optional"
"GET","/setting/logsources/{id}","getLogSourceById","Get log source","id:path:required, format:query:optional"
"GET","/website/websites","getWebsiteList","get website list","collectorIds:query:optional, fields:query:optional, size:query:optional, offset:query:optional, filter:query:optional"
"GET","/sdt/sdts/{id}","getSdtById","get SDT by id (Response may contain extra fields depending upon the type of SDT of given id)","id:path:required"
"GET","/logpipelines","getLogAlertGroupsList","Retrieve all LogAlertGroups",""
"GET","/website/websites/{id}/sdts","getWebsiteSDTListByWebsiteId","get a list of SDTs for a website","id:path:required, fields:query:optional, size:query:optional, offset:query:optional, filter:query:optional"
"GET","/device/groups/{deviceGroupId}/datasources/{id}","getDeviceGroupDatasourceById","get device group datasource","deviceGroupId:path:required, id:path:required, fields:query:optional"
"GET","/setting/collector/collectors/{collectorId}/services/getStatusCheck","getCollectorStatusCheck","get collector status check","collectorId:path:required"
"GET","/device/groups/{id}/sdts","getDeviceGroupSDTList","get device group SDTs","id:path:required, fields:query:optional, size:query:optional, offset:query:optional, filter:query:optional"
"GET","/dashboard/widgets/{id}/data","getWidgetDataById","get widget data (Based upon widget type the response may contain additional attributes. Please refer models corresponding to specific widget type at the bottom of this page to check the attributes)","end:query:optional, format:query:optional, start:query:optional, id:path:required"
"GET","/website/websites/{id}/graphs/{graphName}/data","getWebsiteDataByGraphName","get website data by graph name","id:path:required, start:query:optional, end:query:optional, graphName:path:required, format:query:optional"
"GET","/setting/roles","getRoleList","Get role list","excludeAdmin:query:optional, fields:query:optional, size:query:optional, offset:query:optional, filter:query:optional"
"GET","/metrics/usage","getMetricsUsage","Get metrics usage",""
"GET","/website/smcheckpoints","getSiteMonitorCheckPointList","Get website checkpoint list","type:query:optional, fields:query:optional, size:query:optional, offset:query:optional, filter:query:optional"
"GET","/device/devices/{id}/endpoints","getNetflowEndpointList","get netflow endpoints","end:query:optional, netflowFilter:query:optional, start:query:optional, id:path:required, port:query:optional, fields:query:optional, size:query:optional, offset:query:optional, filter:query:optional"
"GET","/report/reports/{id}","getReportById","Get report by ID","id:path:required, fields:query:optional"
"GET","/setting/collector/collectors/{collectorId}/events","getCollectorEvents","get collector events","collectorId:path:required"
"GET","/website/websites/{srvId}/checkpoints/{checkId}/data","getWebsiteCheckpointDataById","get data for a website checkpoint","srvId:path:required, checkId:path:required, period:query:optional, start:query:optional, end:query:optional, datapoints:query:optional, format:query:optional, aggregate:query:optional"
"GET","/log/partitions","getAllLogPartitions","Retrieve a list of all log partitions",""
"GET","/website/groups/{id}/websites","getImmediateWebsiteListByWebsiteGroupId","get a list of websites for a group (Response may contain extra fields depending upon the type of check { PingCheck | WebCheck} being added)","id:path:required, fields:query:optional, size:query:optional, offset:query:optional, filter:query:optional"
"GET","/dashboard/dashboards/{id}","getDashboardById","get dashboard","id:path:required, template:query:optional, format:query:optional, fields:query:optional"
"GET","/device/devices/{deviceId}/devicedatasources/{id}/historysdts","getSDTHistoryByDeviceDataSourceId","Get SDT history for the device dataSource","deviceId:path:required, id:path:required, fields:query:optional, size:query:optional, offset:query:optional, filter:query:optional"
"GET","/setting/propertyrules","getPropertyRulesList","Get property rules list","format:query:optional, fields:query:optional, size:query:optional, offset:query:optional, filter:query:optional"
"GET","/device/devices/{deviceId}/properties","getDevicePropertyList","Get device properties","deviceId:path:required, fields:query:optional, size:query:optional, offset:query:optional, filter:query:optional"
"GET","/website/groups","getWebsiteGroupList","get website group list","fields:query:optional, size:query:optional, offset:query:optional, filter:query:optional"
"GET","/setting/collector/groups/{id}","getCollectorGroupById","Get collector group","id:path:required, fields:query:optional"
"GET","/setting/collector/collectors/versions","getCollectorVersionList","get collector version list","fields:query:optional, size:query:optional, offset:query:optional, filter:query:optional"
"GET","/setting/datasources/{dsId}/ographs/{id}","getDataSourceOverviewGraphById","Get datasource overview graph by ID","dsId:path:required, id:path:required"
"GET","/log/partitions/{id}","getPartitionById","Retrieve details of a specific log partition","id:path:required"
"GET","/setting/eventsources","getEventSourceList","Get event source list","format:query:optional, fields:query:optional, size:query:optional, offset:query:optional, filter:query:optional"
"GET","/setting/collector/collectors/{id}/agentloglevels/{component}","getCollectorAgentLogLevelByComponent","get collector agent log level by component","id:path:required, component:path:required"
"GET","/setting/opsnotes","getOpsNoteList","get opsnote list","fields:query:optional, size:query:optional, offset:query:optional, filter:query:optional"
"GET","/device/devices/{id}/historysdts","getSDTHistoryByDeviceId","get SDT history for the device","end:query:optional, netflowFilter:query:optional, start:query:optional, id:path:required, fields:query:optional, size:query:optional, offset:query:optional, filter:query:optional"
"GET","/device/devices/delta/{deltaId}","getDeltaDevices","Get delta devices using deltaId","deltaId:path:required"
"GET","/device/groups/{gid}/properties","getDeviceGroupPropertyList","Get device group properties","gid:path:required, fields:query:optional, size:query:optional, offset:query:optional, filter:query:optional"
"GET","/setting/action/rules","getActionRulesList","Get action rules list",""
"GET","/setting/remediationsources","getRemediationSourcesList","Get remediation sources list",""
"GET","/setting/collector/collectors","getCollectorList","get collector list","fields:query:optional, size:query:optional, offset:query:optional, filter:query:optional"
"GET","/cost-optimization/recommendations/categories","getRecommendationCategoriesList","Get recommendation category list","fields:query:optional, size:query:optional, offset:query:optional, filter:query:optional"
"GET","/device/devices/{id}","getDeviceById","get device by id","end:query:optional, netflowFilter:query:optional, start:query:optional, id:path:required, needStcGrpAndSortedCP:query:optional, fields:query:optional"
"GET","/usage/contractInfo","getContractInfoByCompany","get contract info by company",""
"GET","/device/devices/{id}/flows","getNetflowFlowList","get netflow flows","end:query:optional, netflowFilter:query:optional, start:query:optional, id:path:required, fields:query:optional, size:query:optional, offset:query:optional, filter:query:optional"
"GET","/setting/recipientgroups/{id}","getRecipientGroupById","Get recipient group by id","id:path:required"
"GET","/device/devices/{deviceId}/alertsettings","getDeviceDatasourceInstanceAlertSettingListOfDevice","get a list of alert settings for a device","end:query:optional, netflowFilter:query:optional, start:query:optional, deviceId:path:required, size:query:optional, offset:query:optional"
"GET","/website/websites/{id}","getWebsiteById","get website by id","id:path:required, format:query:optional"
"GET","/setting/logsources","getLogSourceList","Get log source list","format:query:optional"
"GET","/report/groups","getReportGroupList","Get report group list","fields:query:optional, size:query:optional, offset:query:optional, filter:query:optional"
"GET","/device/groups/{deviceGroupId}/clusterAlertConf","getDeviceGroupClusterAlertConfList","get a list of cluster alert configurations for a device group","deviceGroupId:path:required, fields:query:optional, size:query:optional, offset:query:optional, filter:query:optional"
"GET","/device/groups/{id}","getDeviceGroupById","get device group","id:path:required, fields:query:optional"
"GET","/log/logquerygroups","getLogQueryGroupList","Get log query group list",""
"GET","/log/logquerygroups/grouptype/{groupType}","getLogQueryGroupListByGroupType","Get log query groups by groupType","groupType:path:required, allGroups:query:optional"
"GET","/website/groups/{id}","getWebsiteGroupById","get website group","id:path:required"
"GET","/setting/datasources/{id}/devices","getAssociatedDeviceListByDataSourceId","Get devices associated with a datasource","id:path:required, fields:query:optional, size:query:optional, offset:query:optional, filter:query:optional"
"GET","/dashboard/widgets/{id}","getWidgetById","Get widget by ID","id:path:required, fields:query:optional"
"GET","/setting/admins/{adminId}/apitokens","getApiTokenListByAdminId","Get API tokens for a user","adminId:path:required, type:query:optional, permission:query:optional, fields:query:optional, size:query:optional, offset:query:optional, filter:query:optional"
"GET","/report/reports/{id}/tasks/{taskId}","fetchReportUsingTaskId","Get report for task ID","id:path:required, taskId:path:required"
"GET","/setting/collector/collectors/{id}/agentloglevels","getCollectorAgentLogLevels","get collector agent log levels","id:path:required"
"GET","/sdt/sdts","getSDTList","get SDT list","fields:query:optional, size:query:optional, offset:query:optional, filter:query:optional"
"GET","/setting/collector/groups/{id}/collectors","getCollectorsByGroupId","get collectors by collector group id","id:path:required"
"GET","/device/devices/{deviceId}/devicedatasources/{deviceDsId}/groups/{id}","getDeviceDatasourceInstanceGroupById","Get device datasource instance group","deviceDsId:path:required, deviceId:path:required, id:path:required, fields:query:optional"
"GET","/dashboard/groups/{id}","getDashboardGroupById","Get dashboard group by ID","id:path:required, template:query:optional, format:query:optional, fields:query:optional"
"GET","/aws/accountId","getAwsAccountId","Get AWS account ID",""
"GET","/usage/focusCostUsage","getFocusCostUsage","FOCUS Cost and Usage shaped usage export","feature:query:optional, dimensionKey:query:optional, startTime:query:optional, endTime:query:optional, at:query:optional, metricQualifier:query:optional, usageBreakdownType:query:optional, usageBreakdownUnits:query:optional, sku:query:optional, tenantIds:query:optional, size:query:optional, offset:query:optional"
"GET","/device/groups","getDeviceGroupList","get device group list","fields:query:optional, size:query:optional, offset:query:optional, filter:query:optional"
"GET","/setting/collector/groups","getCollectorGroupList","Get collector group list","fields:query:optional, size:query:optional, offset:query:optional, filter:query:optional"
"GET","/setting/collector/collectors/{collectorId}/logs","getCollectorLogFiles","get collector log files","collectorId:path:required, format:query:optional"
"GET","/website/websites/{id}/alerts","getWebsiteAlertListByWebsiteId","get alerts for a website","id:path:required, needMessage:query:optional, customColumns:query:optional, fields:query:optional, size:query:optional, offset:query:optional, filter:query:optional"
"GET","/device/devices/{deviceId}/devicedatasources/{id}/data","getDeviceDatasourceDataById","Get device datasource data","deviceId:path:required, id:path:required, period:query:optional, start:query:optional, end:query:optional, datapoints:query:optional, format:query:optional, aggregate:query:optional"
"GET","/device/devices/{deviceId}/properties/{name}","getDevicePropertyByName","Get device property by name","deviceId:path:required, name:path:required, fields:query:optional"
"GET","/setting/admins/{id}","getAdminById","get user","id:path:required, fields:query:optional"
"GET","/setting/configsources/{id}/updatereasons","getUpdateReasonListByConfigSourceId","Get update history for a configSource","id:path:required"
"GET","/setting/batchjobs","getJobMonitorList","Get JobMonitor List","format:query:optional"
"GET","/log/logquerygroups/{id}","getLogQueryGroupById","Get log query group by ID","id:path:required"
"GET","/setting/admins/apitokens","getApiTokenList","Get a list of API tokens across users","type:query:optional, permission:query:optional, fields:query:optional, size:query:optional, offset:query:optional, filter:query:optional"
"GET","/setting/diagnosticRemediation/list","getDiagnosticRemediationAssignedSources","List assigned diagnostic and remediation exchange modules","resourceId:query:optional, alertId:query:optional, moduleType:query:optional"
"GET","/logpipelines/processors","getLogAlerts","Retrieve all LogAlerts",""
"GET","/device/devicedatasourceinstances/{instanceId}/graphs/{graphId}/data","getDeviceInstanceGraphDataOnlyByInstanceId","get device instance data","instanceId:path:required, graphId:path:required, start:query:optional, end:query:optional, format:query:optional"
"GET","/setting/accessgroup","getAccessGroupList","Get access group list","fields:query:optional, size:query:optional, offset:query:optional, filter:query:optional"
"GET","/setting/accesslogs","getAuditLogList","Get audit logs","format:query:optional, fields:query:optional, size:query:optional, offset:query:optional, filter:query:optional"
"GET","/device/devices/{deviceId}/devicedatasources/{hdsId}/instances/{instanceId}/alertsettings/{id}","getDeviceDatasourceInstanceAlertSettingById","get device instance alert setting","deviceId:path:required, hdsId:path:required, instanceId:path:required, id:path:required, fields:query:optional"
"GET","/setting/collector/collectors/{id}","getCollectorById","get collector","id:path:required, fields:query:optional"
"GET","/device/groups/{gid}/properties/{name}","getDeviceGroupPropertyByName","Get device group property by name","gid:path:required, name:path:required, fields:query:optional"
"GET","/debug/{id}","getDebugCommandResult","Get the result of a Collector debug command using sessionId","id:path:required, collectorId:query:optional"
"GET","/setting/oids","getOIDList","Get OID's list",""
"GET","/dashboard/groups","getDashboardGroupList","get dashboard group list","fields:query:optional, size:query:optional, offset:query:optional, filter:query:optional"
"GET","/setting/netscans/{id}","getNetscanById","Get netscan by ID","id:path:required"
"GET","/cost-optimization/recommendations/{id}","getRecommendationById","Get recommendation by ID","id:path:required, fields:query:optional"
"GET","/setting/admins","getAdminList","get user list","type:query:optional, permission:query:optional, filterGroupString:query:optional, fields:query:optional, size:query:optional, offset:query:optional, filter:query:optional"
"GET","/dashboard/dashboards/{id}/widgets","getWidgetListByDashboardId","get widget list by DashboardId","id:path:required, fields:query:optional, size:query:optional, offset:query:optional, filter:query:optional"
"GET","/device/devices/{id}/ports","getNetflowPortList","get netflow ports","end:query:optional, netflowFilter:query:optional, start:query:optional, id:path:required, ip:query:optional, fields:query:optional, size:query:optional, offset:query:optional, filter:query:optional"
"GET","/log/partitions/retentions","getRetentionList","Retrieve the list of log retentions",""
"GET","/setting/configsources","getConfigSourceList","Get config source list","format:query:optional, fields:query:optional, size:query:optional, offset:query:optional, filter:query:optional"
"GET","/device/devices/{deviceId}/devicedatasources/{hdsId}/instances/{id}/data","getDeviceDatasourceInstanceData","get device instance data","deviceId:path:required, hdsId:path:required, id:path:required, period:query:optional, start:query:optional, end:query:optional, datapoints:query:optional, format:query:optional"
"GET","/device/groups/{deviceGroupId}/clusterAlertConf/{id}","getDeviceGroupClusterAlertConfById","Get cluster alert configuration by id","deviceGroupId:path:required, id:path:required"
"GET","/device/groups/{id}/alerts","getAlertListByDeviceGroupId","get device group alerts","id:path:required, needMessage:query:optional, customColumns:query:optional, fields:query:optional, size:query:optional, offset:query:optional, filter:query:optional"
"GET","/setting/remediationsources/{id}","getRemediationSourcesById","Get remediation sources by ID","id:path:required, format:query:optional"
"GET","/report/groups/{id}","getReportGroupById","Get report group by id","id:path:required"
"GET","/setting/alert/rules","getAlertRuleList","get alert rule list","fields:query:optional, size:query:optional, offset:query:optional, filter:query:optional"
"GET","/setting/action/chains/{id}","getActionChainById","Get action chain by ID","id:path:required"
"GET","/device/devices/{deviceId}/devicedatasources/{id}","getDeviceDatasourceById","Get device datasource","deviceId:path:required, id:path:required, fields:query:optional"
"GET","/website/groups/{id}/sdts","getAllSDTListByWebsiteGroupId","get a list of SDTs for a website group (Response may contain extra fields depending upon the type of SDT)","id:path:required, fields:query:optional, size:query:optional, offset:query:optional, filter:query:optional"
"GET","/setting/eventsources/{id}","getEventSourceById","Get event source by ID","id:path:required, format:query:optional"
"GET","/metrics/summary","getMetricsSummary","get metrics usage with company settings summary",""
"GET","/setting/opsnotes/{id}","getOpsNoteById","get opsnote by id","id:path:required, fields:query:optional"
"GET","/website/groups/{id}/historysdts","getSDTHistoryByWebsiteGroupId","get SDT history for the website group (Response may contain extra fields depending upon the type of SDT)","id:path:required, fields:query:optional, size:query:optional, offset:query:optional, filter:query:optional"
"GET","/setting/collector/collectors/{collectorId}/logs/{fileName}","getCollectorLogFileByName","get collector log file","collectorId:path:required, fileName:path:required, format:query:optional"
"GET","/setting/topologysources","getTopologySourceList","Get TopologySource List",""
"GET","/setting/datasources/{id}/updatereasons","getUpdateReasonListByDataSourceId","Get update history for a datasource","id:path:required, fields:query:optional, size:query:optional, offset:query:optional, filter:query:optional"
"GET","/device/devices/{deviceId}/devicedatasources/{hdsId}/instances/{id}","getDeviceDatasourceInstanceById","get device instance","deviceId:path:required, hdsId:path:required, id:path:required, fields:query:optional"
